"seq_inst_captacao_recurso";"valor_instrument_captacao";"dtc_assinatura"
"14286";"15237094,00";"31/05/2023 00:00:00"
"12834";"1040000,00";"26/04/2022 00:00:00"
"12137";"150000,00";"01/07/2021 00:00:00"
"15785";"1250000,00";"01/06/2024 00:00:00"
"19433";"1287000,00";"29/09/2025 00:00:00"
"13971";"5283367,00";"10/03/2023 00:00:00"
"13171";"6786682,00";"29/04/2022 00:00:00"
"15769";"4000000,00";"01/06/2024 00:00:00"
"19761";"990000,00";"14/11/2025 00:00:00"
"12115";"1064992,00";"01/07/2021 00:00:00"
"19411";"990000,00";"29/09/2025 00:00:00"
"15763";"20317425,00";"01/06/2024 00:00:00"
"12131";"920000,00";"01/07/2021 00:00:00"
"14074";"500000,00";"31/05/2023 00:00:00"
"19450";"495000,00";"30/09/2025 00:00:00"
"14266";"2500000,00";"31/05/2023 00:00:00"
"12136";"2630000,00";"01/07/2021 00:00:00"
"19857";"300000,00";"24/11/2025 00:00:00"
"19473";"5353905,15";"01/10/2025 00:00:00"
"19336";"1278483,03";"11/09/2025 00:00:00"
"18952";"495000,00";"11/09/2025 00:00:00"
"19161";"495000,00";"03/09/2025 00:00:00"
"19152";"990000,00";"11/09/2025 00:00:00"
"19191";"937129,05";"28/08/2025 00:00:00"
"20094";"198000,00";"05/12/2025 00:00:00"
"19710";"9900000,00";"25/08/2025 00:00:00"
"19442";"396000,00";"30/09/2025 00:00:00"
"12146";"3370000,00";"01/07/2021 00:00:00"
"20095";"495000,00";"08/12/2025 00:00:00"
"15790";"7025000,00";"08/05/2024 00:00:00"
"20091";"2286900,00";"11/12/2025 00:00:00"
"15762";"4000000,00";"08/05/2024 00:00:00"
"15757";"6000000,00";"08/05/2024 00:00:00"
"19096";"9900000,00";"25/08/2025 00:00:00"
"13142";"1000000,00";"26/04/2022 00:00:00"
"14262";"300000,00";"05/06/2023 00:00:00"
"19890";"990000,00";"05/08/2025 00:00:00"
"19051";"12037410,00";"20/08/2025 00:00:00"
"15787";"8271585,00";"08/05/2024 00:00:00"
"19772";"270762,03";"17/11/2025 00:00:00"
"19313";"198000,00";"09/09/2025 00:00:00"
"13133";"4819682,00";"26/04/2022 00:00:00"
"14285";"1000000,00";"31/05/2023 00:00:00"
"19853";"435500,00";"24/11/2025 00:00:00"
"14282";"6799997,00";"31/05/2023 00:00:00"
"13155";"4719682,00";"26/04/2022 00:00:00"
"19491";"4441533,03";"01/01/2025 00:00:00"
"19776";"198000,00";"14/11/2025 00:00:00"
"12120";"4139993,00";"01/07/2021 00:00:00"
"19416";"1283629,05";"29/09/2025 00:00:00"
"15759";"8300000,00";"01/06/2024 00:00:00"
"19413";"1287000,00";"29/09/2025 00:00:00"
"14278";"14086851,00";"31/05/2023 00:00:00"
"15814";"2600000,00";"08/05/2024 00:00:00"
"15781";"1300000,00";"01/06/2024 00:00:00"
"19075";"1630129,05";"20/08/2025 00:00:00"
"19459";"2773579,05";"30/09/2025 00:00:00"
"19394";"247500,00";"25/09/2025 00:00:00"
"14274";"573023,00";"31/05/2023 00:00:00"
"19455";"1485000,00";"30/09/2025 00:00:00"
"19071";"1485000,00";"22/08/2025 00:00:00"
"15776";"2800000,00";"08/05/2024 00:00:00"
"13138";"2519682,00";"26/04/2022 00:00:00"
"12145";"3069996,00";"01/07/2021 00:00:00"
"19766";"990000,00";"17/11/2025 00:00:00"
"12147";"4379993,00";"01/07/2021 00:00:00"
"12118";"890000,00";"01/07/2021 00:00:00"
"15766";"18935792,00";"08/05/2024 00:00:00"
"13152";"800000,00";"26/04/2022 00:00:00"
"19758";"5157900,00";"14/11/2025 00:00:00"
"10730";"7770227,00";"02/01/2020 00:00:00"
"12141";"2000000,00";"01/07/2021 00:00:00"
"19437";"990000,00";"29/09/2025 00:00:00"
"15783";"200000,00";"01/06/2024 00:00:00"
"19431";"5157900,00";"29/09/2025 00:00:00"
"12135";"300000,00";"01/07/2021 00:00:00"
"19759";"275220,00";"17/11/2025 00:00:00"
"18991";"1485000,00";"03/09/2025 00:00:00"
"19183";"1930500,00";"28/08/2025 00:00:00"
"19110";"3465000,00";"25/08/2025 00:00:00"
"19261";"198000,00";"03/09/2025 00:00:00"
"14269";"1629209,00";"31/05/2023 00:00:00"
"19444";"1881000,00";"30/09/2025 00:00:00"
"14260";"5783745,00";"31/05/2023 00:00:00"
"19173";"891000,00";"11/09/2025 00:00:00"
"15782";"4785059,00";"08/05/2024 00:00:00"
"19238";"1188000,00";"03/09/2025 00:00:00"
"12122";"1500000,00";"01/07/2021 00:00:00"
"12138";"4064493,00";"01/07/2021 00:00:00"
"15786";"900000,00";"01/06/2024 00:00:00"
"14071";"4000000,00";"20/04/2023 00:00:00"
"19439";"198000,00";"29/09/2025 00:00:00"
"14270";"8000000,00";"31/05/2023 00:00:00"
"13143";"1519680,00";"26/04/2022 00:00:00"
"19180";"495000,00";"28/08/2025 00:00:00"
"19098";"495000,00";"25/08/2025 00:00:00"
"19774";"396000,00";"14/11/2025 00:00:00"
"19855";"3205590,00";"24/11/2025 00:00:00"
"19471";"2970000,00";"01/10/2025 00:00:00"
"15755";"16235791,00";"01/01/2024 00:00:00"
"13140";"4719682,00";"26/04/2022 00:00:00"
"19486";"594000,00";"01/10/2025 00:00:00"
"19770";"986287,50";"17/11/2025 00:00:00"
"19750";"384111,09";"14/11/2025 00:00:00"
"13148";"1600000,00";"26/04/2022 00:00:00"
"19764";"198000,00";"17/11/2025 00:00:00"
"12113";"2500000,00";"01/07/2021 00:00:00"
"19513";"198000,00";"01/10/2025 00:00:00"
"19393";"594000,00";"25/09/2025 00:00:00"
"13149";"3920000,00";"26/04/2022 00:00:00"
"14273";"1807156,00";"31/05/2023 00:00:00"
"19073";"990000,00";"22/08/2025 00:00:00"
"12127";"5047996,00";"01/07/2021 00:00:00"
"15775";"7850000,00";"08/05/2024 00:00:00"
"13136";"550000,00";"26/04/2022 00:00:00"
"19340";"238983,03";"15/09/2025 00:00:00"
"19175";"9900000,00";"23/08/2025 00:00:00"
"19851";"1000000,00";"24/11/2025 00:00:00"
"13131";"200000,00";"26/04/2022 00:00:00"
"14283";"14551699,00";"31/05/2023 00:00:00"
"19311";"1027605,15";"10/09/2025 00:00:00"
"15813";"500000,00";"08/05/2024 00:00:00"
"14277";"1000000,00";"31/05/2023 00:00:00"
"15767";"6085792,00";"08/05/2024 00:00:00"
"19179";"1188000,00";"11/09/2025 00:00:00"
"19755";"297000,00";"17/11/2025 00:00:00"
"19181";"792000,00";"28/08/2025 00:00:00"
"19332";"383130,00";"10/09/2025 00:00:00"
"19156";"5336100,00";"03/09/2025 00:00:00"
"19521";"990000,00";"03/10/2025 00:00:00"
"14267";"6351694,00";"31/05/2023 00:00:00"
"19752";"396000,00";"17/11/2025 00:00:00"
"10728";"3500000,00";"02/01/2020 00:00:00"
"19097";"495000,00";"25/08/2025 00:00:00"
"13145";"4219682,00";"26/04/2022 00:00:00"
"19163";"198000,00";"11/09/2025 00:00:00"
"14171";"9851697,00";"31/05/2023 00:00:00"
"12251";"1500000,00";"20/08/2021 00:00:00"
"19177";"1980000,00";"11/09/2025 00:00:00"
"10729";"1400000,00";"02/01/2020 00:00:00"
"19159";"594975,15";"11/09/2025 00:00:00"
"13157";"1500000,00";"26/04/2022 00:00:00"
"15788";"300000,00";"08/05/2024 00:00:00"
"19436";"2475000,00";"29/09/2025 00:00:00"
"12140";"400000,00";"01/07/2021 00:00:00"
"19154";"1188000,00";"11/09/2025 00:00:00"
"13153";"700000,00";"26/04/2022 00:00:00"
"19091";"1435500,00";"25/08/2025 00:00:00"
"20051";"990000,00";"09/12/2025 00:00:00"
"19425";"3267000,00";"29/09/2025 00:00:00"
"19334";"247893,03";"10/09/2025 00:00:00"
"19395";"247500,00";"25/09/2025 00:00:00"
"12492";"370000,00";"03/12/2021 00:00:00"
"19487";"990000,00";"01/10/2025 00:00:00"
"19157";"495000,00";"26/08/2025 00:00:00"
"15772";"3800000,00";"08/05/2024 00:00:00"
"19291";"594000,00";"04/09/2025 00:00:00"
"19338";"396000,00";"12/09/2025 00:00:00"
"12132";"300000,00";"01/07/2021 00:00:00"
"19762";"219780,00";"17/11/2025 00:00:00"
"15815";"1000000,00";"01/06/2024 00:00:00"
"19768";"1108800,00";"17/11/2025 00:00:00"
"12123";"50000,00";"01/07/2021 00:00:00"
